threshold,tp,fp,fn,precision,recall,f1,target
0.005,1,8,5,0.1111111111111111,0.16666666666666666,0.13333333333333333,6
0.004,3,17,3,0.15,0.5,0.23076923076923075,6
0.003,4,31,2,0.11428571428571428,0.6666666666666666,0.19512195121951217,6
0.002,5,42,1,0.10638297872340426,0.8333333333333334,0.18867924528301885,6
0.001,5,49,1,0.09259259259259259,0.8333333333333334,0.16666666666666666,6
