threshold,tp,fp,fn,precision,recall,f1,target
0.005,6,212,1,0.027522935779816515,0.8571428571428571,0.05333333333333334,7
0.004,6,212,1,0.027522935779816515,0.8571428571428571,0.05333333333333334,7
0.003,6,212,1,0.027522935779816515,0.8571428571428571,0.05333333333333334,7
0.002,6,212,1,0.027522935779816515,0.8571428571428571,0.05333333333333334,7
0.001,6,212,1,0.027522935779816515,0.8571428571428571,0.05333333333333334,7
