threshold,tp,fp,fn,precision,recall,f1,target
0.005,0,301,1,0.0,0.0,0.0,1
0.004,0,394,1,0.0,0.0,0.0,1
0.003,1,512,0,0.001949317738791423,1.0,0.003891050583657587,1
0.002,1,591,0,0.0016891891891891893,1.0,0.003372681281618887,1
0.001,1,692,0,0.001443001443001443,1.0,0.0028818443804034585,1
