threshold,tp,fp,fn,precision,recall,f1,target
0.005,1,10,4,0.09090909090909091,0.2,0.12500000000000003,5
0.004,3,10,2,0.23076923076923078,0.6,0.33333333333333337,5
0.003,3,10,2,0.23076923076923078,0.6,0.33333333333333337,5
0.002,3,10,2,0.23076923076923078,0.6,0.33333333333333337,5
0.001,4,10,1,0.2857142857142857,0.8,0.4210526315789473,5
