threshold,tp,fp,fn,precision,recall,f1,target
0.005,0,400,1,0.0,0.0,0.0,1
0.004,0,450,1,0.0,0.0,0.0,1
0.003,0,519,1,0.0,0.0,0.0,1
0.002,1,606,0,0.0016474464579901153,1.0,0.0032894736842105266,1
0.001,1,690,0,0.001447178002894356,1.0,0.002890173410404624,1
