threshold,tp,fp,fn,precision,recall,f1,target
0.005,8,1052,15,0.007547169811320755,0.34782608695652173,0.014773776546629733,23
0.004,12,1210,11,0.009819967266775777,0.5217391304347826,0.01927710843373494,23
0.003,14,1419,9,0.009769713886950453,0.6086956521739131,0.01923076923076923,23
0.002,16,1605,7,0.00987045033929673,0.6956521739130435,0.019464720194647202,23
0.001,17,1811,6,0.009299781181619256,0.7391304347826086,0.018368449486763912,23
